{
    "name": "root",
    "gauges": {
        "MoverToPlayer.Policy.Entropy.mean": {
            "value": 0.6165292263031006,
            "min": 0.6165292263031006,
            "max": 1.3099677562713623,
            "count": 10
        },
        "MoverToPlayer.Policy.Entropy.sum": {
            "value": 30799.94921875,
            "min": 30799.94921875,
            "max": 65549.4765625,
            "count": 10
        },
        "MoverToPlayer.Step.mean": {
            "value": 499944.0,
            "min": 49975.0,
            "max": 499944.0,
            "count": 10
        },
        "MoverToPlayer.Step.sum": {
            "value": 499944.0,
            "min": 49975.0,
            "max": 499944.0,
            "count": 10
        },
        "MoverToPlayer.Policy.ExtrinsicValueEstimate.mean": {
            "value": 118.87513732910156,
            "min": -47.00106430053711,
            "max": 118.87513732910156,
            "count": 10
        },
        "MoverToPlayer.Policy.ExtrinsicValueEstimate.sum": {
            "value": 107344.25,
            "min": -38070.86328125,
            "max": 107344.25,
            "count": 10
        },
        "MoverToPlayer.Environment.EpisodeLength.mean": {
            "value": 158.5063694267516,
            "min": 147.8,
            "max": 238.11483253588517,
            "count": 10
        },
        "MoverToPlayer.Environment.EpisodeLength.sum": {
            "value": 49771.0,
            "min": 49513.0,
            "max": 49897.0,
            "count": 10
        },
        "MoverToPlayer.Environment.CumulativeReward.mean": {
            "value": 415.7369311417744,
            "min": -1163.7337913216586,
            "max": 436.1409112271808,
            "count": 10
        },
        "MoverToPlayer.Environment.CumulativeReward.sum": {
            "value": 130541.39637851715,
            "min": -243220.36238622665,
            "max": 146543.34617233276,
            "count": 10
        },
        "MoverToPlayer.Policy.ExtrinsicReward.mean": {
            "value": 415.7369311417744,
            "min": -1163.7337913216586,
            "max": 436.1409112271808,
            "count": 10
        },
        "MoverToPlayer.Policy.ExtrinsicReward.sum": {
            "value": 130541.39637851715,
            "min": -243220.36238622665,
            "max": 146543.34617233276,
            "count": 10
        },
        "MoverToPlayer.Losses.PolicyLoss.mean": {
            "value": 0.022134868331874412,
            "min": 0.021076853180614613,
            "max": 0.0280422669951804,
            "count": 10
        },
        "MoverToPlayer.Losses.PolicyLoss.sum": {
            "value": 0.11067434165937207,
            "min": 0.08938686719241862,
            "max": 0.12981912243412808,
            "count": 10
        },
        "MoverToPlayer.Losses.ValueLoss.mean": {
            "value": 3729.6880240885416,
            "min": 2104.7360913085936,
            "max": 7178.855316162109,
            "count": 10
        },
        "MoverToPlayer.Losses.ValueLoss.sum": {
            "value": 18648.44012044271,
            "min": 10523.680456542968,
            "max": 28715.421264648438,
            "count": 10
        },
        "MoverToPlayer.Policy.LearningRate.mean": {
            "value": 1.6522174492639998e-05,
            "min": 1.6522174492639998e-05,
            "max": 0.00028459590513469995,
            "count": 10
        },
        "MoverToPlayer.Policy.LearningRate.sum": {
            "value": 8.261087246319999e-05,
            "min": 8.261087246319999e-05,
            "max": 0.0012841686719437997,
            "count": 10
        },
        "MoverToPlayer.Policy.Epsilon.mean": {
            "value": 0.10550736000000001,
            "min": 0.10550736000000001,
            "max": 0.19486530000000002,
            "count": 10
        },
        "MoverToPlayer.Policy.Epsilon.sum": {
            "value": 0.5275368,
            "min": 0.500074,
            "max": 0.9280562000000001,
            "count": 10
        },
        "MoverToPlayer.Policy.Beta.mean": {
            "value": 0.00028481726400000006,
            "min": 0.00028481726400000006,
            "max": 0.00474377847,
            "count": 10
        },
        "MoverToPlayer.Policy.Beta.sum": {
            "value": 0.0014240863200000004,
            "min": 0.0014240863200000004,
            "max": 0.02141000438,
            "count": 10
        },
        "MoverToPlayer.IsTraining.mean": {
            "value": 1.0,
            "min": 1.0,
            "max": 1.0,
            "count": 10
        },
        "MoverToPlayer.IsTraining.sum": {
            "value": 1.0,
            "min": 1.0,
            "max": 1.0,
            "count": 10
        }
    },
    "metadata": {
        "timer_format_version": "0.1.0",
        "start_time_seconds": "1739957000",
        "python_version": "3.8.20 (default, Oct  3 2024, 15:19:54) [MSC v.1929 64 bit (AMD64)]",
        "command_line_arguments": "C:\\Users\\Marc7\\anaconda3\\envs\\ml-boss-agent\\Scripts\\mlagents-learn --run-id=chaseEnemy --train",
        "mlagents_version": "0.30.0",
        "mlagents_envs_version": "0.30.0",
        "communication_protocol_version": "1.5.0",
        "pytorch_version": "1.12.1+cpu",
        "numpy_version": "1.21.2",
        "end_time_seconds": "1739961440"
    },
    "total": 4439.8726365,
    "count": 1,
    "self": 0.020011400000839785,
    "children": {
        "run_training.setup": {
            "total": 0.03172320000000006,
            "count": 1,
            "self": 0.03172320000000006
        },
        "TrainerController.start_learning": {
            "total": 4439.8209019,
            "count": 1,
            "self": 16.494327900128155,
            "children": {
                "TrainerController._reset_env": {
                    "total": 5.3184507000000005,
                    "count": 1,
                    "self": 5.3184507000000005
                },
                "TrainerController.advance": {
                    "total": 4417.8656917998715,
                    "count": 502266,
                    "self": 15.963665899726038,
                    "children": {
                        "env_step": {
                            "total": 4110.0158918000925,
                            "count": 502266,
                            "self": 3069.926084099927,
                            "children": {
                                "SubprocessEnvManager._take_step": {
                                    "total": 1029.8492715000916,
                                    "count": 502266,
                                    "self": 48.556166900048765,
                                    "children": {
                                        "TorchPolicy.evaluate": {
                                            "total": 981.2931046000429,
                                            "count": 500008,
                                            "self": 981.2931046000429
                                        }
                                    }
                                },
                                "workers": {
                                    "total": 10.240536200074036,
                                    "count": 502266,
                                    "self": 0.0,
                                    "children": {
                                        "worker_root": {
                                            "total": 4408.025543399984,
                                            "count": 502266,
                                            "is_parallel": true,
                                            "self": 2162.086659199821,
                                            "children": {
                                                "steps_from_proto": {
                                                    "total": 0.006117999999999846,
                                                    "count": 1,
                                                    "is_parallel": true,