{
    "name": "root",
    "metadata": {
        "timer_format_version": "0.1.0",
        "start_time_seconds": "1739794597",
        "python_version": "3.8.20 (default, Oct  3 2024, 15:19:54) [MSC v.1929 64 bit (AMD64)]",
        "command_line_arguments": "C:\\Users\\Marc7\\anaconda3\\envs\\ml-boss-agent\\Scripts\\mlagents-learn --run-id=multitarget --force",
        "mlagents_version": "0.30.0",
        "mlagents_envs_version": "0.30.0",
        "communication_protocol_version": "1.5.0",
        "pytorch_version": "1.12.1+cpu",
        "numpy_version": "1.21.2",
        "end_time_seconds": "1739795237"
    },
    "total": 639.9835251,
    "count": 1,
    "self": 0.014728199999922253,
    "children": {
        "run_training.setup": {
            "total": 0.025410399999999944,
            "count": 1,
            "self": 0.025410399999999944
        },
        "TrainerController.start_learning": {
            "total": 639.9433865,
            "count": 1,
            "self": 0.911283399997501,
            "children": {
                "TrainerController._reset_env": {
                    "total": 9.0976567,
                    "count": 1,
                    "self": 9.0976567
                },
                "TrainerController.advance": {
                    "total": 629.6690021000024,
                    "count": 20486,
                    "self": 0.870560200006139,
                    "children": {
                        "env_step": {
                            "total": 617.6376349999977,
                            "count": 20486,
                            "self": 555.9715170000052,
                            "children": {
                                "SubprocessEnvManager._take_step": {
                                    "total": 61.11956889999141,
                                    "count": 20489,
                                    "self": 2.9730166999909002,
                                    "children": {
                                        "TorchPolicy.evaluate": {
                                            "total": 58.14655220000051,
                                            "count": 20403,
                                            "self": 58.14655220000051
                                        }
                                    }
                                },
                                "workers": {
                                    "total": 0.5465491000010569,
                                    "count": 20485,
                                    "self": 0.0,
                                    "children": {
                                        "worker_root": {
                                            "total": 480.35076549999945,
                                            "count": 20485,
                                            "is_parallel": true,
                                            "self": 116.67753380000073,
                                            "children": {
                                                "steps_from_proto": {
                                                    "total": 0.002365699999999471,
                                                    "count": 4,
                                                    "is_parallel": true,
                                                    "self": 0.0012815999999942207,
                                                    "children": {
                                                        "_process_rank_one_or_two_observation": {
                                                            "total": 0.0010841000000052503,
                                                            "count": 8,
                                                            "is_parallel": true,
                                                            "self": 0.0010841000000052503
                                                        }
                                                    }
                                                },
                                                "UnityEnvironment.step": {
                                                    "total": 363.67086599999874,
                                                    "count": 20485,
                                                    "is_parallel": true,
                                                    "self": 2.916367600000683,
                                                    "children": {
                                                        "UnityEnvironment._generate_step_input": {
                                                            "total": 3.421569200000251,
                                                            "count": 20485,
                                                            "is_parallel": true,
                                                            "self": 3.421569200000251
                                                        },
                                                        "communicator.exchange": {
                                                            "total": 348.89149169999837,
                                                            "count": 20485,
                                                            "is_parallel": true,
                                                            "self": 348.89149169999837
                                                        },
                                                        "steps_from_proto": {
                                                            "total": 8.44143749999941,
                                                            "count": 20479,
                                                            "is_parallel": true,
                                                            "self": 5.173843299998768,
                                                            "children": {
                                                                "_process_rank_one_or_two_observation": {
                                                                    "total": 3.2675942000006417,
                                                                    "count": 40958,
                                                                    "is_parallel": true,
                                                                    "self": 3.2675942000006417
                                                                }
                                                            }
                                                        }
                                                    }
                                                }
                                            }
                                        }
                                    }
                                }
                            }
                        },
                        "trainer_advance": {
                            "total": 11.16080689999869,
                            "count": 20485,
                            "self": 0.9670353000033298,
                            "children": {
                                "process_trajectory": {
                                    "total": 3.923947099995333,
                                    "count": 20485,
                                    "self": 3.923947099995333
                                },
                                "_update_policy": {
                                    "total": 6.269824500000027,
                                    "count": 1,
                                    "self": 4.197570700000085,
                                    "children": {
                                        "TorchPPOOptimizer.update": {
                                            "total": 2.0722537999999417,
                                            "count": 30,