{"count":1,"self":252.60523519999998,"total":463.41993959999996,"children":{"InitializeActuators":{"count":1,"self":0.0022699,"total":0.0022699,"children":null},"InitializeSensors":{"count":1,"self":0.0022995999999999997,"total":0.0022995999999999997,"children":null},"AgentSendState":{"count":138801,"self":0.9433149,"total":3.0889965,"children":{"CollectObservations":{"count":46927,"self":0.22997199999999998,"total":0.22997199999999998,"children":null},"WriteActionMask":{"count":46927,"self":0.15478609999999998,"total":0.15478609999999998,"children":null},"RequestDecision":{"count":46927,"self":0.5044849,"total":1.7609234999999999,"children":{"AgentInfo.ToProto":{"count":46927,"self":0.48116509999999996,"total":1.2564385999999998,"children":{"GenerateSensorData":{"count":46927,"self":0.7752735,"total":0.7752735,"children":null}}}}}}},"DecideAction":{"count":138801,"self":176.3348352,"total":176.33483189999998,"children":null},"AgentAct":{"count":138801,"self":31.2905856,"total":31.2905862,"children":null},"AgentInfo.ToProto":{"count":2704,"self":0.0436579,"total":0.095205299999999993,"children":{"GenerateSensorData":{"count":2704,"self":0.0515474,"total":0.0515474,"children":null}}}},"gauges":{"MoverToPlayer.CumulativeReward":{"count":2704,"max":398.349884,"min":-935.8487,"runningAverage":169.319214,"value":169.700027,"weightedAverage":157.778015}},"metadata":{"timer_format_version":"0.1.0","start_time_seconds":"1739532574","unity_version":"6000.0.37f1","command_line_arguments":"C:\\Program Files\\Unity\\Hub\\Editor\\6000.0.37f1\\Editor\\Unity.exe -projectpath C:\\Users\\wingc\\Unity\\RL2D\\RL-BOSSBOT -useHub -hubIPC -cloudEnvironment production","communication_protocol_version":"1.5.0","com.unity.ml-agents_version":"3.0.0","scene_name":"SampleScene","end_time_seconds":"1739533038"}}