{"count":1,"self":539.35872,"total":4435.3067325,"children":{"InitializeActuators":{"count":1,"self":0.0022229,"total":0.0022229,"children":null},"InitializeSensors":{"count":1,"self":0.001715,"total":0.001715,"children":null},"AgentSendState":{"count":2000035,"self":4.2480348,"total":199.10376309999998,"children":{"CollectObservations":{"count":500009,"self":1.2165584,"total":1.2165584,"children":null},"WriteActionMask":{"count":500009,"self":0.47522909999999996,"total":0.47522909999999996,"children":null},"RequestDecision":{"count":500009,"self":2.4442976,"total":193.16394079999998,"children":{"AgentInfo.ToProto":{"count":500009,"self":2.9937594,"total":190.71964319999998,"children":{"GenerateSensorData":{"count":500009,"self":187.725888,"total":187.7258838,"children":null}}}}}}},"DecideAction":{"count":2000035,"self":3681.8173951999997,"total":3681.8175294999996,"children":null},"AgentAct":{"count":2000035,"self":14.249206399999998,"total":14.523461999999999,"children":{"AgentInfo.ToProto":{"count":900,"self":0.0010961,"total":0.2742559,"children":{"GenerateSensorData":{"count":900,"self":0.2731598,"total":0.2731598,"children":null}}}}},"AgentInfo.ToProto":{"count":1845,"self":0.0158131,"total":0.49930529999999995,"children":{"GenerateSensorData":{"count":1845,"self":0.4834922,"total":0.4834922,"children":null}}}},"gauges":{"MoverToPlayer.CumulativeReward":{"count":2745,"max":599.4501,"min":-2290.02441,"runningAverage":210.528229,"value":442.651855,"weightedAverage":384.205872}},"metadata":{"timer_format_version":"0.1.0","start_time_seconds":"1739957005","unity_version":"6000.0.37f1","command_line_arguments":"C:\\Program Files\\Unity\\Hub\\Editor\\6000.0.37f1\\Editor\\Unity.exe -projectpath C:\\Users\\Marc7\\Desktop\\Unity\\Github\\RL-BOSSBOT -useHub -hubIPC -cloudEnvironment production","communication_protocol_version":"1.5.0","com.unity.ml-agents_version":"3.0.0","scene_name":"SampleScene","end_time_seconds":"1739961440"}}
