{
    "name": "root",
    "gauges": {
        "MoverToPlayer.Policy.Entropy.mean": {
            "value": 0.6966773867607117,
            "min": 0.6966773867607117,
            "max": 1.349597454071045,
            "count": 6
        },
        "MoverToPlayer.Policy.Entropy.sum": {
            "value": 34837.3515625,
            "min": 34837.3515625,
            "max": 67512.265625,
            "count": 6
        },
        "MoverToPlayer.Environment.EpisodeLength.mean": {
            "value": 13.038461538461538,
            "min": 13.038461538461538,
            "max": 60.001221001221005,
            "count": 6
        },
        "MoverToPlayer.Environment.EpisodeLength.sum": {
            "value": 46443.0,
            "min": 46443.0,
            "max": 49141.0,
            "count": 6
        },
        "MoverToPlayer.Step.mean": {
            "value": 299995.0,
            "min": 49960.0,
            "max": 299995.0,
            "count": 6
        },
        "MoverToPlayer.Step.sum": {
            "value": 299995.0,
            "min": 49960.0,
            "max": 299995.0,
            "count": 6
        },
        "MoverToPlayer.Policy.ExtrinsicValueEstimate.mean": {
            "value": 164.51687622070312,
            "min": 23.19635581970215,
            "max": 164.51687622070312,
            "count": 6
        },
        "MoverToPlayer.Policy.ExtrinsicValueEstimate.sum": {
            "value": 590944.625,
            "min": 29157.818359375,
            "max": 590944.625,
            "count": 6
        },
        "MoverToPlayer.Environment.CumulativeReward.mean": {
            "value": 199.34814697058934,
            "min": 196.75567705179674,
            "max": 199.34814697058934,
            "count": 6
        },
        "MoverToPlayer.Environment.CumulativeReward.sum": {
            "value": 710078.0995092392,
            "min": 161142.89950542152,
            "max": 710078.0995092392,
            "count": 6
        },
        "MoverToPlayer.Policy.ExtrinsicReward.mean": {
            "value": 199.34814697058934,
            "min": 196.75567705179674,
            "max": 199.34814697058934,
            "count": 6
        },
        "MoverToPlayer.Policy.ExtrinsicReward.sum": {
            "value": 710078.0995092392,
            "min": 161142.89950542152,
            "max": 710078.0995092392,
            "count": 6
        },
        "MoverToPlayer.Losses.PolicyLoss.mean": {
            "value": 0.024112432094601295,
            "min": 0.0197947798948735,
            "max": 0.024512810450202475,
            "count": 6
        },
        "MoverToPlayer.Losses.PolicyLoss.sum": {
            "value": 0.12056216047300647,
            "min": 0.0980512418008099,
            "max": 0.12135928302692871,
            "count": 6
        },
        "MoverToPlayer.Losses.ValueLoss.mean": {
            "value": 1944.070313313802,
            "min": 1942.5117049153646,
            "max": 3333.5940608723954,
            "count": 6
        },
        "MoverToPlayer.Losses.ValueLoss.sum": {
            "value": 9720.35156656901,
            "min": 9712.558524576823,
            "max": 16667.970304361977,
            "count": 6
        },
        "MoverToPlayer.Policy.LearningRate.mean": {
            "value": 0.00013372793542403997,
            "min": 0.00013372793542403997,
            "max": 0.00028458165513944996,
            "count": 6
        },
        "MoverToPlayer.Policy.LearningRate.sum": {
            "value": 0.0006686396771201999,
            "min": 0.0006686396771201999,
            "max": 0.0012842232719255998,
            "count": 6
        },
        "MoverToPlayer.Policy.Epsilon.mean": {
            "value": 0.14457596,
            "min": 0.14457596,
            "max": 0.19486054999999997,
            "count": 6
        },
        "MoverToPlayer.Policy.Epsilon.sum": {
            "value": 0.7228798000000001,
            "min": 0.7228798000000001,
            "max": 0.9280743999999999,
            "count": 6
        },
        "MoverToPlayer.Policy.Beta.mean": {
            "value": 0.002234340404,
            "min": 0.002234340404,
            "max": 0.004743541445,
            "count": 6
        },
        "MoverToPlayer.Policy.Beta.sum": {
            "value": 0.01117170202,
            "min": 0.01117170202,
            "max": 0.021410912560000002,
            "count": 6
        },
        "MoverToPlayer.IsTraining.mean": {
            "value": 1.0,
            "min": 1.0,
            "max": 1.0,
            "count": 6
        },
        "MoverToPlayer.IsTraining.sum": {
            "value": 1.0,
            "min": 1.0,
            "max": 1.0,
            "count": 6
        }
    },
    "metadata": {
        "timer_format_version": "0.1.0",
        "start_time_seconds": "1739526097",
        "python_version": "3.10.12 | packaged by Anaconda, Inc. | (main, Jul  5 2023, 19:01:18) [MSC v.1916 64 bit (AMD64)]",
        "command_line_arguments": "C:\\Users\\wingc\\anaconda3\\envs\\mlagents\\Scripts\\mlagents-learn --run-id=run1 --force",
        "mlagents_version": "1.1.0",
        "mlagents_envs_version": "1.1.0",
        "communication_protocol_version": "1.5.0",
        "pytorch_version": "2.2.2+cpu",
        "numpy_version": "1.23.5",
        "end_time_seconds": "1739527873"
    },
    "total": 1775.833433899912,
    "count": 1,
    "self": 0.006004099966958165,
    "children": {
        "run_training.setup": {
            "total": 0.03239690000191331,
            "count": 1,
            "self": 0.03239690000191331
        },
        "TrainerController.start_learning": {
            "total": 1775.7950328999432,
            "count": 1,
            "self": 7.143778379075229,
            "children": {
                "TrainerController._reset_env": {
                    "total": 6.818947699968703,
                    "count": 1,
                    "self": 6.818947699968703
                },
                "TrainerController.advance": {
                    "total": 1761.6371894208714,
                    "count": 313671,
                    "self": 6.3095527165569365,
                    "children": {
                        "env_step": {
                            "total": 1648.820336190518,
                            "count": 313671,
                            "self": 1335.9921522510704,
                            "children": {
                                "SubprocessEnvManager._take_step": {
                                    "total": 308.3460880309576,
                                    "count": 313671,
                                    "self": 14.274307799525559,
                                    "children": {
                                        "TorchPolicy.evaluate": {
                                            "total": 294.07178023143206,
                                            "count": 301690,
                                            "self": 294.07178023143206
                                        }
                                    }
                                },
                                "workers": {
                                    "total": 4.48209590849001,
                                    "count": 313670,
                                    "self": 0.0,
                                    "children": {
                                        "worker_root": {
                                            "total": 1760.2097128181485,
                                            "count": 313670,
                                            "is_parallel": true,
                                            "self": 721.1741450160043,
                                            "children": {
                                                "steps_from_proto": {
                                                    "total": 0.0005664000054821372,
                                                    "count": 1,
                                                    "is_parallel": true,