{
    "name": "root",
    "gauges": {
        "MoverToPlayer.Policy.Entropy.mean": {
            "value": 0.5846168994903564,
            "min": 0.5846168994903564,
            "max": 1.3170486688613892,
            "count": 9
        },
        "MoverToPlayer.Policy.Entropy.sum": {
            "value": 29225.583984375,
            "min": 29225.583984375,
            "max": 65926.1875,
            "count": 9
        },
        "MoverToPlayer.Step.mean": {
            "value": 449966.0,
            "min": 49946.0,
            "max": 449966.0,
            "count": 9
        },
        "MoverToPlayer.Step.sum": {
            "value": 449966.0,
            "min": 49946.0,
            "max": 449966.0,
            "count": 9
        },
        "MoverToPlayer.Policy.ExtrinsicValueEstimate.mean": {
            "value": -25.468950271606445,
            "min": -47.93769836425781,
            "max": -14.22394847869873,
            "count": 9
        },
        "MoverToPlayer.Policy.ExtrinsicValueEstimate.sum": {
            "value": -20375.16015625,
            "min": -38493.97265625,
            "max": -11521.3984375,
            "count": 9
        },
        "MoverToPlayer.Environment.EpisodeLength.mean": {
            "value": 248.315,
            "min": 238.48076923076923,
            "max": 248.315,
            "count": 9
        },
        "MoverToPlayer.Environment.EpisodeLength.sum": {
            "value": 49663.0,
            "min": 49604.0,
            "max": 49920.0,
            "count": 9
        },
        "MoverToPlayer.Environment.CumulativeReward.mean": {
            "value": -47.45300516605377,
            "min": -1195.3848475857058,
            "max": -35.623636264706136,
            "count": 9
        },
        "MoverToPlayer.Environment.CumulativeReward.sum": {
            "value": -9490.601033210754,
            "min": -247444.6634502411,
            "max": -7160.350889205933,
            "count": 9
        },
        "MoverToPlayer.Policy.ExtrinsicReward.mean": {
            "value": -47.45300516605377,
            "min": -1195.3848475857058,
            "max": -35.623636264706136,
            "count": 9
        },
        "MoverToPlayer.Policy.ExtrinsicReward.sum": {
            "value": -9490.601033210754,
            "min": -247444.6634502411,
            "max": -7160.350889205933,
            "count": 9
        },
        "MoverToPlayer.Losses.PolicyLoss.mean": {
            "value": 0.022986750522007545,
            "min": 0.021927730559060974,
            "max": 0.02946272315408957,
            "count": 9
        },
        "MoverToPlayer.Losses.PolicyLoss.sum": {
            "value": 0.11493375261003773,
            "min": 0.09332227405781547,
            "max": 0.12780105435910324,
            "count": 9
        },
        "MoverToPlayer.Losses.ValueLoss.mean": {
            "value": 210.9358300336202,
            "min": 210.9358300336202,
            "max": 7272.003533935547,
            "count": 9
        },
        "MoverToPlayer.Losses.ValueLoss.sum": {
            "value": 1054.679150168101,
            "min": 905.0128957112629,
            "max": 29088.01413574219,
            "count": 9
        },
        "MoverToPlayer.Policy.LearningRate.mean": {
            "value": 4.7620644126479986e-05,
            "min": 4.7620644126479986e-05,
            "max": 0.00028462035512655,
            "count": 9
        },
        "MoverToPlayer.Policy.LearningRate.sum": {
            "value": 0.00023810322063239992,
            "min": 0.00023810322063239992,
            "max": 0.0012846630717789998,
            "count": 9
        },
        "MoverToPlayer.Policy.Epsilon.mean": {
            "value": 0.11587352,
            "min": 0.11587352,
            "max": 0.19487345,
            "count": 9
        },
        "MoverToPlayer.Policy.Epsilon.sum": {
            "value": 0.5793676,
            "min": 0.5004176,
            "max": 0.928221,
            "count": 9
        },
        "MoverToPlayer.Policy.Beta.mean": {
            "value": 0.0008020886480000001,
            "min": 0.0008020886480000001,
            "max": 0.0047441851549999995,
            "count": 9
        },
        "MoverToPlayer.Policy.Beta.sum": {
            "value": 0.004010443240000001,
            "min": 0.004010443240000001,
            "max": 0.0214182279,
            "count": 9
        },
        "MoverToPlayer.IsTraining.mean": {
            "value": 1.0,
            "min": 1.0,
            "max": 1.0,
            "count": 9
        },
        "MoverToPlayer.IsTraining.sum": {
            "value": 1.0,
            "min": 1.0,
            "max": 1.0,
            "count": 9
        }
    },
    "metadata": {
        "timer_format_version": "0.1.0",
        "start_time_seconds": "1739883135",
        "python_version": "3.8.20 (default, Oct  3 2024, 15:19:54) [MSC v.1929 64 bit (AMD64)]",
        "command_line_arguments": "C:\\Users\\Marc7\\anaconda3\\envs\\ml-boss-agent\\Scripts\\mlagents-learn --run-id=moreEnemy --train",
        "mlagents_version": "0.30.0",
        "mlagents_envs_version": "0.30.0",
        "communication_protocol_version": "1.5.0",
        "pytorch_version": "1.12.1+cpu",
        "numpy_version": "1.21.2",
        "end_time_seconds": "1739887636"
    },
    "total": 4500.7624781,
    "count": 1,
    "self": 0.00832910000008269,
    "children": {
        "run_training.setup": {
            "total": 0.03004629999999997,
            "count": 1,
            "self": 0.03004629999999997
        },
        "TrainerController.start_learning": {
            "total": 4500.7241027,
            "count": 1,
            "self": 16.074297900248894,
            "children": {
                "TrainerController._reset_env": {
                    "total": 8.2768447,
                    "count": 1,
                    "self": 8.2768447
                },
                "TrainerController.advance": {
                    "total": 4476.162357799751,
                    "count": 484758,
                    "self": 16.1215856999288,
                    "children": {
                        "env_step": {
                            "total": 4194.422262799949,
                            "count": 484758,
                            "self": 3143.4951972997196,
                            "children": {
                                "SubprocessEnvManager._take_step": {
                                    "total": 1040.8741965999034,
                                    "count": 484759,
                                    "self": 49.618425699929844,
                                    "children": {
                                        "TorchPolicy.evaluate": {
                                            "total": 991.2557708999735,
                                            "count": 483122,
                                            "self": 991.2557708999735
                                        }
                                    }
                                },
                                "workers": {
                                    "total": 10.05286890032565,
                                    "count": 484757,
                                    "self": 0.0,
                                    "children": {
                                        "worker_root": {
                                            "total": 4452.588361200171,
                                            "count": 484757,
                                            "is_parallel": true,
                                            "self": 2145.2970921000756,
                                            "children": {
                                                "steps_from_proto": {
                                                    "total": 0.01351139999999873,
                                                    "count": 2,
                                                    "is_parallel": true,